[
    {
        "label": "Parent 1",
        "children": [
            {
                "label": "Child 1",
                "children": [
                    { "label": "Grandchild 1" },
                    { "label": "Grandchild 2" }
                ]
            },
            {
                "label": "Child 2",
                "children": [
                    { "label": "Grandchild 3" },
                    { 
                        "label": "Grandchild 4",
                        "children": [
                            { "label": "Great Grandchild 1" }
                        ]
                    }
                ]
            }
        ]
    },
    {
        "label": "Parent 2",
        "children": [
            {
                "label": "Child 3",
                "children": [
                    { "label": "Grandchild 5" },
                    { "label": "Grandchild 6" }
                ]
            }
        ]
    }
]